Pillar Name,Question Title,Choice Title,Trusted Advisor Checks,Unnamed: 4,CN Notes,Question ID,Choice ID,Trusted Advisor Checks_translated
Security,SEC 1 How do you securely operate your workload?,P0 Secure account root user and properties,MFA on Root Account 7DAFEmoDos,,根账户 7DAFEmoDos 上的 MFA,pillar_1_q01,pillar_1_q01choice2,多因素身份验证在根账户上
Security,SEC 1 How do you securely operate your workload?,P0 Secure account root user and properties,IAM Password Policy Yw2K9puPzl,,IAM 密码策略 Yw2K9puPzl,pillar_1_q01,pillar_1_q01choice2,密码政策 Yw2K9puPzl
Security,SEC 2 How do you manage identities for people and machines?,"P0 Use strong sign-in mechanisms - Enforce MFA for root account , power user accounts",MFA on Root Account 7DAFEmoDos,,根账户 7DAFEmoDos 上的 MFA,pillar_1_q02,pillar_1_q02choice1,多因素身份验证在根帐户上
Security,SEC 2 How do you manage identities for people and machines?,"P0 Use strong sign-in mechanisms - Enforce MFA for root account , power user accounts",Password policies for IAM users should have strong configurations,,IAM 用户的密码策略应具有强大的配置,pillar_1_q02,pillar_1_q02choice1,密码策略应该为 IAM 用户设置强大的配置。
Security,SEC 2 How do you manage identities for people and machines?,"P0 Use strong sign-in mechanisms - Enforce MFA for root account , power user accounts",MFA should be enabled for all IAM users that have a console password,,应为所有拥有控制台密码的 IAM 用户启用 MFA,pillar_1_q02,pillar_1_q02choice1,多因素身份验证应该为所有拥有控制台密码的 IAM 用户启用。
Security,SEC 2 How do you manage identities for people and machines?,"P0 Use strong sign-in mechanisms - Enforce MFA for root account , power user accounts",#NAME?,,建议但不强制,pillar_1_q02,pillar_1_q02choice1,"无法翻译该文本,因为它包含无效的文本 ""#NAME?""。请提供有效的英文文本以供翻译。"
Security,SEC 2 How do you manage identities for people and machines?,"P0 Use strong sign-in mechanisms - Enforce MFA for root account , power user accounts",Hardware MFA should be enabled for the root user,,应为根用户启用硬件 MFA,pillar_1_q02,pillar_1_q02choice1,硬件多因素身份验证应为根用户启用。
Security,SEC 2 How do you manage identities for people and machines?,P1 Use strong sign-in mechanisms - Enforce strong password policy,IAM Password Policy Yw2K9puPzl,,IAM 密码策略 Yw2K9puPzl,pillar_1_q02,pillar_1_q02choice2,密码策略 Yw2K9puPzl
Security,SEC 2 How do you manage identities for people and machines?,P2 Use temporary credentials,CodeBuild project environment variables should not contain clear text credentials,,CodeBuild 项目环境变量不应包含明文凭证,pillar_1_q02,pillar_1_q02choice3,代码构建项目环境变量不应包含明文凭证
Security,SEC 2 How do you manage identities for people and machines?,P0 Store and use secrets securely - i.e. never Exposed Access Keys in public Git Repo,IAM Access Key Rotation DqdJqYeRm5,,IAM 访问密钥轮换 DqdJqYeRm5,pillar_1_q02,pillar_1_q02choice4,访问密钥轮换 DqdJqYeRm5
Security,SEC 2 How do you manage identities for people and machines?,P0 Store and use secrets securely - i.e. never Exposed Access Keys in public Git Repo,Exposed Access Keys 12Fnkpl8Y5,,暴露访问密钥 12Fnkpl8Y5,pillar_1_q02,pillar_1_q02choice4,暴露的访问密钥 12Fnkpl8Y5
Security,SEC 2 How do you manage identities for people and machines?,"P1 Store and use secrets securely - i.e. store database, app secret etc in Secret Manager or equivalent.",Exposed Access Keys 12Fnkpl8Y5,,暴露访问密钥 12Fnkpl8Y5,pillar_1_q02,pillar_1_q02choice5,暴露的访问密钥 12Fnkpl8Y5
Security,SEC 2 How do you manage identities for people and machines?,P2 Rely on a centralized identity provider,IAM Use,,IAM 使用,pillar_1_q02,pillar_1_q02choice6,使用IAM
Security,SEC 2 How do you manage identities for people and machines?,P2 Rely on a centralized identity provider,CodeBuild GitHub or Bitbucket source repository URLs should use OAuth,,CodeBuild GitHub 或 Bitbucket 源存储库 URL 应使用 OAuth,pillar_1_q02,pillar_1_q02choice6,https://github.com/或Bitbucket源代码库的URL应使用OAuth
Security,SEC 2 How do you manage identities for people and machines?,P2 Rely on a centralized identity provider,IAM authentication should be configured for RDS clusters,,应为 RDS 集群配置 IAM 身份验证,pillar_1_q02,pillar_1_q02choice6,身份和访问管理(IAM)身份验证应为RDS集群进行配置。
Security,SEC 2 How do you manage identities for people and machines?,P2 Rely on a centralized identity provider,IAM authentication should be configured for RDS instances,,应为 RDS 实例配置 IAM 身份验证,pillar_1_q02,pillar_1_q02choice6,身份和访问管理(IAM)身份验证应该为RDS实例进行配置。
Security,SEC 2 How do you manage identities for people and machines?,P0 Audit and rotate credentials periodically - i.e. IAM Access Key Rotation,IAM Access Key Rotation DqdJqYeRm5,,IAM 访问密钥轮换 DqdJqYeRm5,pillar_1_q02,pillar_1_q02choice7,访问密钥轮换 DqdJqYeRm5
Security,SEC 2 How do you manage identities for people and machines?,P0 Audit and rotate credentials periodically - i.e. IAM Access Key Rotation,ACM certificates should be renewed after a specified time period,,ACM 证书应在指定时间段后更新,pillar_1_q02,pillar_1_q02choice7,应在指定时间期限后续签 ACM 证书。
Security,SEC 2 How do you manage identities for people and machines?,P0 Audit and rotate credentials periodically - i.e. IAM Access Key Rotation,API Gateway REST and WebSocket API execution logging should be enabled,,应启用 API Gateway REST 和 WebSocket API 执行日志记录,pillar_1_q02,pillar_1_q02choice7,应启用 API 网关 REST 和 WebSocket API 执行日志记录。
Security,SEC 2 How do you manage identities for people and machines?,P0 Audit and rotate credentials periodically - i.e. IAM Access Key Rotation,Secrets Manager secrets should have automatic rotation enabled,,Secrets Manager 密钥应启用自动轮换,pillar_1_q02,pillar_1_q02choice7,自动轮换密钥
Security,SEC 2 How do you manage identities for people and machines?,P0 Audit and rotate credentials periodically - i.e. IAM Access Key Rotation,Secrets Manager secrets should be rotated within a specified number of days,,Secrets Manager 密钥应在指定天数内轮换,pillar_1_q02,pillar_1_q02choice7,密钥管理器密钥应在指定天数内轮换。
Security,SEC 2 How do you manage identities for people and machines?,P1 Audit credentials periodically -  i.e. enables CloudTrail to track user activity and API usage,AWS CloudTrail Logging vjafUGJ9H0,,AWS CloudTrail 日志记录 vjafUGJ9H0,pillar_1_q02,pillar_1_q02choice8,亚马逊云科技跟踪日志
Security,SEC 3 How do you manage permissions for people and machines?,P1 Grant least privilege access - i.e. No non-administrator users or roles have administrator privileges.,"RDS DB Instances should prohibit public access, determined by the PubliclyAccessible configuration Hs4Ma3G192",,RDS DB 实例应禁止公共访问，由 PubliclyAccessible 配置 Hs4Ma3G192 决定,pillar_1_q03,pillar_1_q03choice2,"禁止公共访问RDS DB实例,由PubliclyAccessible配置确定。"
Security,SEC 3 How do you manage permissions for people and machines?,P1 Grant least privilege access - i.e. No non-administrator users or roles have administrator privileges.,S3 permissions granted to other AWS accounts in bucket policies should be restricted Hs4Ma3G169,,应限制存储桶策略中授予其他 AWS 账户的 S3 权限 Hs4Ma3G169,pillar_1_q03,pillar_1_q03choice2,应该限制在存储桶策略中授予其他 AWS 账户的 S3 权限。
Security,SEC 3 How do you manage permissions for people and machines?,P1 Grant least privilege access - i.e. No non-administrator users or roles have administrator privileges.,Unused IAM user credentials should be removed Hs4Ma3G144,,应删除未使用的 IAM 用户凭证 Hs4Ma3G144,pillar_1_q03,pillar_1_q03choice2,未使用的 IAM 用户凭据应该被删除。
Security,SEC 3 How do you manage permissions for people and machines?,P1 Grant least privilege access - i.e. No non-administrator users or roles have administrator privileges.,IAM root user access key should not exist Hs4Ma3G140,,IAM 根用户访问密钥不应存在 Hs4Ma3G140,pillar_1_q03,pillar_1_q03choice2,根用户访问密钥不应该存在Hs4Ma3G140
Security,SEC 3 How do you manage permissions for people and machines?,P1 Grant least privilege access - i.e. No non-administrator users or roles have administrator privileges.,IAM users should not have IAM policies attached Hs4Ma3G138,,IAM 用户不应附加 IAM 策略 Hs4Ma3G138,pillar_1_q03,pillar_1_q03choice2,用户不应该附有 IAM 策略
Security,SEC 3 How do you manage permissions for people and machines?,P1 Grant least privilege access - i.e. No non-administrator users or roles have administrator privileges.,"IAM policies should not allow full ""*"" administrative privileges Hs4Ma3G137",,IAM 策略不应允许完全“*”管理权限 Hs4Ma3G137,pillar_1_q03,pillar_1_q03choice2,"不应该允许 IAM 策略拥有完全的 ""*"" 管理权限。"
Security,SEC 3 How do you manage permissions for people and machines?,P1 Grant least privilege access - i.e. No non-administrator users or roles have administrator privileges.,IAM principals should not have IAM inline policies that allow decryption actions on all KMS keys Hs4Ma3G134,,IAM 主体不应具有允许对所有 KMS 密钥执行解密操作的 IAM 内联策略 Hs4Ma3G134,pillar_1_q03,pillar_1_q03choice2,不应该让 IAM 主体拥有允许对所有 KMS 密钥执行解密操作的 IAM 内联策略。
Security,SEC 3 How do you manage permissions for people and machines?,P1 Grant least privilege access - i.e. No non-administrator users or roles have administrator privileges.,IAM customer managed policies should not allow decryption actions on all KMS keys Hs4Ma3G133,,IAM 客户管理策略不应允许对所有 KMS 密钥执行解密操作 Hs4Ma3G133,pillar_1_q03,pillar_1_q03choice2,不应允许对所有 KMS 密钥执行解密操作的 IAM 客户管理的策略。
Security,SEC 3 How do you manage permissions for people and machines?,P2 Share resources securely within your organization,Amazon ECS task definitions should have secure networking modes and user definitions. Hs4Ma3G145,,Amazon ECS 任务定义应该具有安全网络模式和用户定义。Hs4Ma3G145,pillar_1_q03,pillar_1_q03choice3,Amazon ECS任务定义应该具有安全的网络模式和用户定义。
Security,SEC 3 How do you manage permissions for people and machines?,P2 Share resources securely within your organization,CloudTrail log file validation should be enabled Hs4Ma3G109,,应启用 CloudTrail 日志文件验证 Hs4Ma3G109,pillar_1_q03,pillar_1_q03choice3,应启用 CloudTrail 日志文件验证
Security,SEC 3 How do you manage permissions for people and machines?,P2 Share resources securely within your organization,AWS CloudTrail Logging vjafUGJ9H0,,AWS CloudTrail 日志记录 vjafUGJ9H0,pillar_1_q03,pillar_1_q03choice3,亚马逊云服务 CloudTrail 日志记录
Security,SEC 3 How do you manage permissions for people and machines?,P2 Reduce permissions continuously,Remove unused Secrets Manager secrets Hs4Ma3G114,,删除未使用的 Secrets Manager secret Hs4Ma3G114,pillar_1_q03,pillar_1_q03choice4,移除未使用的 Secrets Manager 密钥 Hs4Ma3G114
Security,SEC 3 How do you manage permissions for people and machines?,P1 Manage access based on life cycle,Unused Network Access Control Lists should be removed Hs4Ma3G209,,应删除未使用的网络访问控制列表 Hs4Ma3G209,pillar_1_q03,pillar_1_q03choice5,未使用的网络访问控制列表应该被删除。
Security,SEC 3 How do you manage permissions for people and machines?,P1 Manage access based on life cycle,IAM users' access keys should be rotated every 90 days or less Hs4Ma3G139,,IAM 用户的访问密钥应每 90 天或更短时间轮换一次 Hs4Ma3G139,pillar_1_q03,pillar_1_q03choice5,使用 IAM 的用户访问密钥应每 90 天或更短时间轮换一次。Hs4Ma3G139
Security,SEC 3 How do you manage permissions for people and machines?,P1 Manage access based on life cycle,IAM Access Key Rotation DqdJqYeRm5,,IAM 访问密钥轮换 DqdJqYeRm5,pillar_1_q03,pillar_1_q03choice5,访问密钥轮换 DqdJqYeRm5
Security,SEC 3 How do you manage permissions for people and machines?,P1 Analyze public and cross account access,RDS snapshot should be private Hs4Ma3G194,,RDS 快照应为私有 Hs4Ma3G194,pillar_1_q03,pillar_1_q03choice6,私有 RDS 快照 Hs4Ma3G194
Security,SEC 3 How do you manage permissions for people and machines?,P1 Analyze public and cross account access,S3 buckets should prohibit public write access Hs4Ma3G172,,S3 存储桶应禁止公共写访问 Hs4Ma3G172,pillar_1_q03,pillar_1_q03choice6,S3存储桶应禁止公共写入访问权限。
Security,SEC 3 How do you manage permissions for people and machines?,P1 Analyze public and cross account access,S3 Block Public Access setting should be enabled Hs4Ma3G170,,应启用 S3 阻止公共访问设置 Hs4Ma3G170,pillar_1_q03,pillar_1_q03choice6,启用 S3 阻止公共访问设置。
Security,SEC 3 How do you manage permissions for people and machines?,P1 Analyze public and cross account access,Amazon S3 Bucket Permissions Pfx0RwqBli,,Amazon S3 存储桶权限 Pfx0RwqBli,pillar_1_q03,pillar_1_q03choice6,亚马逊 S3 存储桶权限 Pfx0RwqBli
Security,SEC 4 How do you detect and investigate security events?,P1 Configure service and application logging,CloudFront distributions should have logging enabled,,CloudFront 发行版应启用日志记录,pillar_1_q04,pillar_1_q04choice1,云前端分发应该启用日志记录
Security,SEC 4 How do you detect and investigate security events?,P1 Configure service and application logging,Amazon Elasticsearch Service domains should have audit logging enabled,,Amazon Elasticsearch Service 域应启用审计日志记录,pillar_1_q04,pillar_1_q04choice1,亚马逊 Elasticsearch 服务域应启用审核日志记录。
Security,SEC 4 How do you detect and investigate security events?,P1 Configure service and application logging,Database logging should be enabled,,应启用数据库日志记录,pillar_1_q04,pillar_1_q04choice1,数据库日志记录应该被启用
Security,SEC 4 How do you detect and investigate security events?,P1 Configure service and application logging,Enhanced monitoring should be configured for RDS DB instances,,应为 RDS 数据库实例配置增强监控,pillar_1_q04,pillar_1_q04choice1,增强监控应该为 RDS DB 实例配置。
Security,SEC 4 How do you detect and investigate security events?,P1 Configure service and application logging,AWS WAF Classic Global Web ACL logging should be enabled,,应启用 AWS WAF Classic Global Web ACL 日志记录,pillar_1_q04,pillar_1_q04choice1,AWS WAF 经典全局 Web ACL 日志记录应该被启用
Security,SEC 4 How do you detect and investigate security events?,P1 Configure service and application logging,Application and Classic Load Balancers logging should be enabled,,应启用应用程序和 Classic Load Balancer 日志记录,pillar_1_q04,pillar_1_q04choice1,应用程序和经典负载均衡器日志记录应该被启用
Security,SEC 4 How do you detect and investigate security events?,P1 Configure service and application logging,Amazon Elasticsearch Service domain error logging to CloudWatch Logs should be enabled,,应启用 Amazon Elasticsearch Service 域错误日志记录到 CloudWatch Logs,pillar_1_q04,pillar_1_q04choice1,亚马逊 Elasticsearch Service 域错误日志记录到 CloudWatch Logs 应该被启用。
Security,SEC 4 How do you detect and investigate security events?,P1 Configure service and application logging,An RDS event notifications subscription should be configured for critical cluster events,,应为关键集群事件配置 RDS 事件通知订阅,pillar_1_q04,pillar_1_q04choice1,数据库服务事件通知订阅应该为关键集群事件进行配置。
Security,SEC 4 How do you detect and investigate security events?,P1 Configure service and application logging,An RDS event notifications subscription should be configured for critical database security group events,,应为关键数据库安全组事件配置 RDS 事件通知订阅,pillar_1_q04,pillar_1_q04choice1,数据库安全组的关键事件应该配置 RDS 事件通知订阅。
Security,SEC 4 How do you detect and investigate security events?,P1 Configure service and application logging,An RDS event notifications subscription should be configured for critical database instance events,,应为关键数据库实例事件配置 RDS 事件通知订阅,pillar_1_q04,pillar_1_q04choice1,数据库实例关键事件应配置 RDS 事件通知订阅。
Security,SEC 4 How do you detect and investigate security events?,P1 Configure service and application logging,An RDS event notifications subscription should be configured for critical database parameter group events,,应为关键数据库参数组事件配置 RDS 事件通知订阅,pillar_1_q04,pillar_1_q04choice1,数据库参数组的关键事件应配置 RDS 事件通知订阅。
Security,SEC 4 How do you detect and investigate security events?,P1 Configure service and application logging,Elastic Beanstalk environments should have enhanced health reporting enabled,,Elastic Beanstalk 环境应启用增强型健康报告,pillar_1_q04,pillar_1_q04choice1,弹性Beanstalk环境应启用增强的健康报告
Security,SEC 4 How do you detect and investigate security events?,P1 Configure service and application logging,API Gateway REST API stages should have AWS X-Ray tracing enabled,,API 网关 REST API 阶段应启用 AWS X-Ray 跟踪,pillar_1_q04,pillar_1_q04choice1,API网关REST API阶段应启用AWS X-Ray跟踪。
Security,SEC 4 How do you detect and investigate security events?,P1 Configure service and application logging,API Gateway REST and WebSocket API execution logging should be enabled,,应启用 API Gateway REST 和 WebSocket API 执行日志记录,pillar_1_q04,pillar_1_q04choice1,应启用 API 网关 REST 和 WebSocket API 执行日志记录。
Security,SEC 4 How do you detect and investigate security events?,P1 Configure service and application logging,CloudTrail trails should be integrated with Amazon CloudWatch Logs,,CloudTrail 跟踪应与 Amazon CloudWatch Logs 集成,pillar_1_q04,pillar_1_q04choice1,云跟踪跟踪应与Amazon CloudWatch日志集成。
Security,SEC 4 How do you detect and investigate security events?,P1 Configure service and application logging,Amazon Redshift clusters should have audit logging enabled,,Amazon Redshift 集群应启用审计日志记录,pillar_1_q04,pillar_1_q04choice1,亚马逊 Redshift 集群应启用审核日志记录
Security,SEC 4 How do you detect and investigate security events?,"P1 Analyze logs, findings, and metrics centrally",GuardDuty should be enabled,,应启用 GuardDuty,pillar_1_q04,pillar_1_q04choice2,应启用 GuardDuty
Security,SEC 5 How do you protect your network resources?,P1 Create network layers,The VPC default security group should not allow inbound and outbound traffic Hs4Ma3G118,,VPC 默认安全组不应允许入站和出站流量 Hs4Ma3G118,pillar_1_q05,pillar_1_q05choice1,默认 VPC 安全组不应允许入站和出站流量。
Security,SEC 5 How do you protect your network resources?,P0 Control traffic at all layers - restrict public subnet access.,Amazon Elasticsearch Service domains should be in a VPC,,Amazon Elasticsearch Service 域应位于 VPC 中,pillar_1_q05,pillar_1_q05choice2,Amazon Elasticsearch Service域应该位于VPC中。
Security,SEC 5 How do you protect your network resources?,P0 Control traffic at all layers - restrict public subnet access.,ECS services should not have public IP addresses assigned to them automatically Hs4Ma3G146,,ECS 服务不应自动分配公有 IP 地址 Hs4Ma3G146,pillar_1_q05,pillar_1_q05choice2,不应该自动为 ECS 服务分配公共 IP 地址。
Security,SEC 5 How do you protect your network resources?,P0 Control traffic at all layers - restrict public subnet access.,Security Groups - Unrestricted Access 1iG5NDGVre,,安全组 - 不受限制的访问 1iG5NDGVre,pillar_1_q05,pillar_1_q05choice2,安全组 - 无限制访问 1iG5NDGVre
Security,SEC 5 How do you protect your network resources?,P0 Control traffic at all layers - restrict public subnet access.,Amazon RDS Security Group Access Risk,,Amazon RDS 安全组访问风险,pillar_1_q05,pillar_1_q05choice2,Amazon RDS 安全组访问风险
Security,SEC 5 How do you protect your network resources?,P0 Control traffic at all layers - restrict public subnet access.,ELB Security Groups xSqX82fQu,,ELB 安全组 xSqX82fQu,pillar_1_q05,pillar_1_q05choice2,安全组 xSqX82fQu
Security,SEC 5 How do you protect your network resources?,P0 Control traffic at all layers - restrict public subnet access.,Secrets Manager secrets should be rotated within a specified number of days Hs4Ma3G112,,Secrets Manager Secret应在指定天数内轮换 Hs4Ma3G112,pillar_1_q05,pillar_1_q05choice2,密码管理器密钥应在指定天数内轮换
Security,SEC 5 How do you protect your network resources?,P0 Control traffic at all layers - restrict public subnet access.,#NAME?,,建议但不强制,pillar_1_q05,pillar_1_q05choice2,无法翻译
Security,SEC 5 How do you protect your network resources?,P0 Control traffic at all layers - restrict public subnet access.,VPC flow logging should be enabled in all VPCs,,所有 VPC 中都应启用 VPC 流日志记录,pillar_1_q05,pillar_1_q05choice2,在所有 VPC 中都应启用 VPC 流日志记录。
Security,SEC 5 How do you protect your network resources?,P0 Control traffic at all layers - restrict public subnet access.,Security Groups - Specific Ports Unrestricted HCP4007jGY,,安全组 - 特定端口不受限制 HCP4007jGY,pillar_1_q05,pillar_1_q05choice2,安全组 - 特定端口无限制 HCP4007jGY
Security,SEC 5 How do you protect your network resources?,P0 Control traffic at all layers - restrict public subnet access.,Amazon RDS Security Group Access Risk nNauJisYIT,,Amazon RDS 安全组访问风险 nNauJisYIT,pillar_1_q05,pillar_1_q05choice2,亚马逊 RDS 安全组访问风险 nNauJisYIT
Security,SEC 5 How do you protect your network resources?,P0 Control traffic at all layers - restrict public subnet access.,Classic Load Balancers with HTTPS/SSL listeners should use a predefined security policy that has strong configuration Hs4Ma3G205,,具有 HTTPS/SSL 侦听器的 Classic Load Balancer 应使用具有强大配置的预定义安全策略 Hs4Ma3G205,pillar_1_q05,pillar_1_q05choice2,经典负载均衡器使用 HTTPS/SSL 侦听器应使用具有强配置的预定义安全策略。
Security,SEC 5 How do you protect your network resources?,P0 Control traffic at all layers - restrict public subnet access.,CloudFront distributions should have WAF enabled Hs4Ma3G201,,CloudFront 发行版应启用 WAF Hs4Ma3G201,pillar_1_q05,pillar_1_q05choice2,云前端分发应该启用 WAF 防护。
Security,SEC 5 How do you protect your network resources?,P0 Control traffic at all layers - restrict public subnet access.,IAM customer managed policies that you create should not allow wildcard actions for services Hs4Ma3G185,,您创建的 IAM 客户托管策略不应允许对服务 Hs4Ma3G185 执行通配符操作,pillar_1_q05,pillar_1_q05choice2,您创建的 IAM 客户管理策略不应该允许对服务 Hs4Ma3G185 使用通配符操作。
Security,SEC 5 How do you protect your network resources?,P0 Control traffic at all layers - restrict public subnet access.,Security groups should only allow unrestricted incoming traffic for authorized ports Hs4Ma3G178,,安全组应仅允许授权端口 Hs4Ma3G178 的不受限制的传入流量,pillar_1_q05,pillar_1_q05choice2,安全组应仅允许授权端口的无限制入站流量。
Security,SEC 5 How do you protect your network resources?,P0 Control traffic at all layers - restrict public subnet access.,RDS instances should be deployed in a VPC Hs4Ma3G165,,RDS 实例应部署在 VPC Hs4Ma3G165 中,pillar_1_q05,pillar_1_q05choice2,虚拟私有云中应部署 RDS 实例。
Security,SEC 5 How do you protect your network resources?,P0 Control traffic at all layers - restrict public subnet access.,Lambda function policies should prohibit public access Hs4Ma3G131,,Lambda 函数策略应禁止公共访问 Hs4Ma3G131,pillar_1_q05,pillar_1_q05choice2,禁止公众访问Lambda函数策略
Security,SEC 5 How do you protect your network resources?,P0 Control traffic at all layers - restrict public subnet access.,API Gateway should be associated with a WAF Web ACL Hs4Ma3G125,,API 网关应与 WAF Web ACL Hs4Ma3G125 关联,pillar_1_q05,pillar_1_q05choice2,网关应与 WAF Web ACL Hs4Ma3G125 关联。
Security,SEC 5 How do you protect your network resources?,P0 Control traffic at all layers - restrict public subnet access.,EC2 instances should not have a public IPv4 address Hs4Ma3G123,,EC2 实例不应具有公有 IPv4 地址 Hs4Ma3G123,pillar_1_q05,pillar_1_q05choice2,不应该为 EC2 实例分配公共 IPv4 地址。
Security,SEC 5 How do you protect your network resources?,P0 Control traffic at all layers - restrict public subnet access.,VPC flow logging should be enabled in all VPCs Hs4Ma3G122,,所有 VPC 中都应启用 VPC 流日志记录 Hs4Ma3G122,pillar_1_q05,pillar_1_q05choice2,VPC 流量日志应在所有 VPC 中启用。
Security,SEC 5 How do you protect your network resources?,P0 Control traffic at all layers - restrict public subnet access.,Redshift clusters should use enhanced VPC routing Hs4Ma3G104,,Redshift 集群应使用增强型 VPC 路由 Hs4Ma3G104,pillar_1_q05,pillar_1_q05choice2,红移集群应该使用增强型 VPC 路由
Security,SEC 5 How do you protect your network resources?,P1 Control traffic at all layers - restrict private subnet access.,Security Groups - Specific Ports Unrestricted HCP4007jGY (Suggested but not mandatory),,安全组 - 特定端口不受限制 HCP4007jGY（建议但不强制）,pillar_1_q05,pillar_1_q05choice3,安全组 - 特定端口无限制 HCP4007jGY（建议但非必需）
Security,SEC 6 How do you protect your compute resources?,P2 Perform vulnerability management,Amazon EC2 instances with Microsoft SQL Server end of support Qsdfp3A4L3,,搭载 Microsoft SQL Server 的 Amazon EC2 实例支持终止 Qsdfp3A4L3,pillar_1_q06,pillar_1_q06choice1,Amazon EC2 实例上的 Microsoft SQL Server 停止支持 Qsdfp3A4L3
Security,SEC 6 How do you protect your compute resources?,P1 Reduce attack surface,Security Groups - Unrestricted Access 1iG5NDGVre,,安全组 - 不受限制的访问 1iG5NDGVre,pillar_1_q06,pillar_1_q06choice2,安全组 - 无限制访问 1iG5NDGVre
Security,SEC 6 How do you protect your compute resources?,P1 Reduce attack surface,Security Groups - Specific Ports Unrestricted HCP4007jGY,,安全组 - 特定端口不受限制 HCP4007jGY,pillar_1_q06,pillar_1_q06choice2,安全组 - 特定端口无限制 HCP4007jGY
Security,SEC 6 How do you protect your compute resources?,P1 Reduce attack surface,Amazon RDS Security Group Access Risk,,Amazon RDS 安全组访问风险,pillar_1_q06,pillar_1_q06choice2,Amazon RDS 安全组访问风险
Security,SEC 6 How do you protect your compute resources?,P1 Reduce attack surface,ELB Security Groups,,ELB 安全组,pillar_1_q06,pillar_1_q06choice2,安全组
Security,SEC 6 How do you protect your compute resources?,P1 Reduce attack surface,EC2 instances should not use multiple ENIs Hs4Ma3G208,,EC2 实例不应使用多个 ENI Hs4Ma3G208,pillar_1_q06,pillar_1_q06choice2,EC2实例不应使用多个ENI
Security,SEC 6 How do you protect your compute resources?,P1 Reduce attack surface,Security groups should not allow unrestricted access to ports with high risk Hs4Ma3G204,,安全组不应允许不受限制地访问高风险端口 Hs4Ma3G204,pillar_1_q06,pillar_1_q06choice2,安全组不应允许对高风险端口进行无限制访问。
Security,SEC 6 How do you protect your compute resources?,P1 Reduce attack surface,Application load balancer should be configured to drop http headers Hs4Ma3G183,,应配置应用程序负载平衡器以删除 http 标头 Hs4Ma3G183,pillar_1_q06,pillar_1_q06choice2,应用程序负载均衡器应配置为删除 HTTP 标头 Hs4Ma3G183
Security,SEC 6 How do you protect your compute resources?,P1 Reduce attack surface,Database Migration Service replication instances should not be public Hs4Ma3G132,,数据库迁移服务复制实例不应是公共的 Hs4Ma3G132,pillar_1_q06,pillar_1_q06choice2,数据库迁移服务复制实例不应该是公开的。
Security,SEC 6 How do you protect your compute resources?,P1 Reduce attack surface,Lambda functions should use supported runtimes Hs4Ma3G130,,Lambda 函数应使用受支持的运行时 Hs4Ma3G130,pillar_1_q06,pillar_1_q06choice2,支持的运行时应该使用 Lambda 函数。
Security,SEC 6 How do you protect your compute resources?,P1 Reduce attack surface,AWS Lambda Functions Using Deprecated Runtimes L4dfs2Q4C5,,使用已弃用运行时的 AWS Lambda 函数 L4dfs2Q4C5,pillar_1_q06,pillar_1_q06choice2,使用已弃用运行时的 AWS Lambda 函数
Security,SEC 6 How do you protect your compute resources?,P1 Reduce attack surface,Amazon Redshift clusters should prohibit public access Hs4Ma3G103,,Amazon Redshift 集群应禁止公共访问 Hs4Ma3G103,pillar_1_q06,pillar_1_q06choice2,亚马逊 Redshift 集群应禁止公共访问
Security,SEC 6 How do you protect your compute resources?,P1 Reduce attack surface,Amazon Elastic MapReduce cluster master nodes should not have public IP addresses Hs4Ma3G101,,Amazon Elastic MapReduce 集群主节点不应具有公共 IP 地址 Hs4Ma3G101,pillar_1_q06,pillar_1_q06choice2,亚马逊弹性 MapReduce 集群主节点不应该有公共 IP 地址。
Security,SEC 6 How do you protect your compute resources?,P1 Reduce attack surface,Amazon SageMaker notebook instances should not have direct internet access Hs4Ma3G100,,Amazon SageMaker 笔记本实例不应直接访问互联网 Hs4Ma3G100,pillar_1_q06,pillar_1_q06choice2,亚马逊 SageMaker 笔记本实例不应该有直接的互联网访问权限。
Security,SEC 6 How do you protect your compute resources?,P1 Automate compute protection,Amazon EC2 should be configured to use VPC endpoints that are created for the Amazon EC2 service Hs4Ma3G206,,应将 Amazon EC2 配置为使用为 Amazon EC2 服务 Hs4Ma3G206 创建的 VPC 终端节点,pillar_1_q06,pillar_1_q06choice4,亚马逊 EC2 应配置为使用为亚马逊 EC2 服务创建的 VPC 端点。
Security,SEC 6 How do you protect your compute resources?,P1 Automate compute protection,AWS Config should be enabled Hs4Ma3G196,,应启用 AWS Config Hs4Ma3G196,pillar_1_q06,pillar_1_q06choice4,应启用 AWS Config
Security,SEC 6 How do you protect your compute resources?,P1 Automate compute protection,Auto scaling groups associated with a load balancer should use load balancer health checks Hs4Ma3G177,,与负载均衡器关联的自动扩展组应使用负载均衡器健康检查 Hs4Ma3G177,pillar_1_q06,pillar_1_q06choice4,与负载均衡器关联的自动扩展组应使用负载均衡器运行状况检查。
Security,SEC 6 How do you protect your compute resources?,P1 Automate compute protection,RDS DB instances should be configured to copy tags to snapshots Hs4Ma3G164,,应配置 RDS DB 实例以将标签复制到快照 Hs4Ma3G164,pillar_1_q06,pillar_1_q06choice4,复制标签到快照的 RDS DB 实例应该进行配置。
Security,SEC 6 How do you protect your compute resources?,P1 Automate compute protection,RDS DB clusters should be configured to copy tags to snapshots Hs4Ma3G163,,应配置 RDS DB 群集以将标签复制到快照 Hs4Ma3G163,pillar_1_q06,pillar_1_q06choice4,复制标签到快照的 RDS DB 集群应该进行配置。
Security,SEC 6 How do you protect your compute resources?,P1 Automate compute protection,RDS automatic minor version upgrades should be enabled Hs4Ma3G162,,应启用 RDS 自动小版本升级 Hs4Ma3G162,pillar_1_q06,pillar_1_q06choice4,应该启用 RDS 自动次要版本升级。
Security,SEC 6 How do you protect your compute resources?,P1 Automate compute protection,Amazon RDS engine minor version upgrade is required c1qf5bt003,,需要升级 Amazon RDS 引擎次要版本 c1qf5bt003,pillar_1_q06,pillar_1_q06choice4,亚马逊 RDS 引擎次要版本升级是必需的 c1qf5bt003
Security,SEC 8 How do you protect your data at rest?,P1 Enforce encryption at rest according to the organization encryption requirement,API Gateway REST API cache data should be encrypted at rest Hs4Ma3G202,,API 网关 REST API 缓存数据应静态加密 Hs4Ma3G202,pillar_1_q08,pillar_1_q08choice2,应该对 API 网关 REST API 缓存数据进行静态加密。Hs4Ma3G202
Security,SEC 8 How do you protect your data at rest?,P1 Enforce encryption at rest according to the organization encryption requirement,Amazon Elasticsearch Service domains should have encryption at-rest enabled Hs4Ma3G197,,Amazon Elasticsearch Service 域应启用静态加密 Hs4Ma3G197,pillar_1_q08,pillar_1_q08choice2,亚马逊 Elasticsearch 服务域应启用静态加密。
Security,SEC 8 How do you protect your data at rest?,P1 Enforce encryption at rest according to the organization encryption requirement,RDS DB instances should have encryption at-rest enabled Hs4Ma3G193,,RDS DB 实例应启用静态加密 Hs4Ma3G193,pillar_1_q08,pillar_1_q08choice2,应启用静态加密的 RDS DB 实例
Security,SEC 8 How do you protect your data at rest?,P1 Enforce encryption at rest according to the organization encryption requirement,RDS cluster snapshots and database snapshots should be encrypted at rest Hs4Ma3G191,,RDS 集群快照和数据库快照应静态加密 Hs4Ma3G191,pillar_1_q08,pillar_1_q08choice2,应该对 RDS 集群快照和数据库快照进行静态加密。
Security,SEC 8 How do you protect your data at rest?,P1 Enforce encryption at rest according to the organization encryption requirement,S3 buckets should have server-side encryption enabled Hs4Ma3G167,,S3 存储桶应启用服务器端加密 Hs4Ma3G167,pillar_1_q08,pillar_1_q08choice2,S3存储桶应启用服务器端加密。
Security,SEC 8 How do you protect your data at rest?,P1 Enforce encryption at rest according to the organization encryption requirement,Elastic File System should be configured to encrypt file data at-rest using AWS KMS Hs4Ma3G159,,应配置 Elastic File System 以使用 AWS KMS Hs4Ma3G159 加密静态文件数据,pillar_1_q08,pillar_1_q08choice2,应该配置 Elastic File System 以使用 AWS KMS Hs4Ma3G159 加密静态文件数据。
Security,SEC 8 How do you protect your data at rest?,P1 Enforce encryption at rest according to the organization encryption requirement,Amazon SQS queues should be encrypted at rest Hs4Ma3G136,,Amazon SQS 队列应在静态时加密 Hs4Ma3G136,pillar_1_q08,pillar_1_q08choice2,亚马逊 SQS 队列应该在静止时加密。
Security,SEC 8 How do you protect your data at rest?,P1 Enforce encryption at rest according to the organization encryption requirement,DynamoDB Accelerator (DAX) clusters should be encrypted at rest Hs4Ma3G126,,DynamoDB Accelerator (DAX) 集群应在静态时加密 Hs4Ma3G126,pillar_1_q08,pillar_1_q08choice2,亚马逊 DynamoDB 加速器 (DAX) 集群应该进行静态加密。
Security,SEC 8 How do you protect your data at rest?,P1 Enforce encryption at rest according to the organization encryption requirement,Attached EBS volumes should be encrypted at-rest Hs4Ma3G117,,附加的 EBS 卷应在静态时加密 Hs4Ma3G117,pillar_1_q08,pillar_1_q08choice2,加密静态附加的 EBS 卷 Hs4Ma3G117
Security,SEC 8 How do you protect your data at rest?,P1 Enforce encryption at rest according to the organization encryption requirement,CloudTrail should have encryption at-rest enabled Hs4Ma3G110,,CloudTrail 应启用静态加密 Hs4Ma3G110,pillar_1_q08,pillar_1_q08choice2,云跟踪应该启用静态加密。Hs4Ma3G110
Security,SEC 8 How do you protect your data at rest?,P1 Automate data at rest protection,CloudFront distributions should have a default root object configured Hs4Ma3G200,,CloudFront 发行版应配置默认根对象 Hs4Ma3G200,pillar_1_q08,pillar_1_q08choice3,云前端分发应该配置默认根对象
Security,SEC 8 How do you protect your data at rest?,P1 Automate data at rest protection,RDS DB instances should have deletion protection enabled Hs4Ma3G198,,RDS DB 实例应启用删除保护 Hs4Ma3G198,pillar_1_q08,pillar_1_q08choice3,应启用删除保护的 RDS DB 实例
Security,SEC 8 How do you protect your data at rest?,P1 Automate data at rest protection,RDS clusters should have deletion protection enabled Hs4Ma3G190,,RDS 集群应启用删除保护 Hs4Ma3G190,pillar_1_q08,pillar_1_q08choice3,数据库集群应启用删除保护
Security,SEC 8 How do you protect your data at rest?,P1 Enforce access control,Amazon RDS Public Snapshots rSs93HQwa1,,Amazon RDS 公有快照 rSs93HQwa1,pillar_1_q08,pillar_1_q08choice4,亚马逊 RDS 公共快照 rSs93HQwa1
Security,SEC 8 How do you protect your data at rest?,P1 Enforce access control,Amazon EBS Public Snapshots ePs02jT06w,,Amazon EBS 公共快照 ePs02jT06w,pillar_1_q08,pillar_1_q08choice4,亚马逊 EBS 公共快照 ePs02jT06w
Security,SEC 8 How do you protect your data at rest?,P1 Enforce access control,Amazon S3 Bucket Permissions Pfx0RwqBli,,Amazon S3 存储桶权限 Pfx0RwqBli,pillar_1_q08,pillar_1_q08choice4,亚马逊 S3 存储桶权限 Pfx0RwqBli
Security,SEC 8 How do you protect your data at rest?,P1 Enforce access control,SSM documents should not be public Hs4Ma3G158,,SSM 文件不应公开 Hs4Ma3G158,pillar_1_q08,pillar_1_q08choice4,不应公开 SSM 文件。
Security,SEC 8 How do you protect your data at rest?,P1 Enforce access control,"EBS snapshots should not be public, determined by the ability to be restorable by anyone Hs4Ma3G116",,EBS 快照不应公开，这取决于任何人都可以恢复的能力 Hs4Ma3G116,pillar_1_q08,pillar_1_q08choice4,"不应该公开 EBS 快照,因为任何人都可以恢复它们。"
Security,SEC 8 How do you protect your data at rest?,P1 Enforce access control,EC2 instances should use Instance Metadata Service Version 2 (IMDSv2) Hs4Ma3G124,,EC2 实例应使用实例元数据服务版本 2 (IMDSv2) Hs4Ma3G124,pillar_1_q08,pillar_1_q08choice4,EC2实例应使用实例元数据服务版本2(IMDSv2)。
Security,SEC 9 How do you protect your data in transit?,P1 Implement secure key and certificate management,ELB Listener Security a2sEc6ILx,,ELB 侦听器安全 a2sEc6ILx,pillar_1_q09,pillar_1_q09choice1,安全的 ELB 监听器 a2sEc6ILx
Security,SEC 9 How do you protect your data in transit?,P1 Implement secure key and certificate management,CloudFront SSL Certificate on the Origin Server N430c450f2,,源服务器 N430c450f2 上的 CloudFront SSL 证书,pillar_1_q09,pillar_1_q09choice1,原始服务器上的 CloudFront SSL 证书 N430c450f2
Security,SEC 9 How do you protect your data in transit?,P1 Enforce encryption in transit according to the organization encryption requirement,API Gateway REST API stages should be configured to use SSL certificates for backend authentication,,API Gateway REST API 阶段应配置为使用 SSL 证书进行后端身份验证,pillar_1_q09,pillar_1_q09choice2,API网关REST API阶段应配置为使用SSL证书进行后端身份验证。
Security,SEC 9 How do you protect your data in transit?,P1 Enforce encryption in transit according to the organization encryption requirement,Connections to Amazon Elasticsearch Service domains should be encrypted using TLS 1.2 Hs4Ma3G187,,与 Amazon Elasticsearch Service 域的连接应使用 TLS 1.2 Hs4Ma3G187 加密,pillar_1_q09,pillar_1_q09choice2,连接到 Amazon Elasticsearch Service 域应使用 TLS 1.2 进行加密。
Security,SEC 9 How do you protect your data in transit?,P1 Enforce encryption in transit according to the organization encryption requirement,Classic Load Balancer listeners should be configured with HTTPS or TLS termination Hs4Ma3G182,,Classic Load Balancer 侦听器应配置 HTTPS 或 TLS 终止 Hs4Ma3G182,pillar_1_q09,pillar_1_q09choice2,经典负载均衡器监听器应配置为 HTTPS 或 TLS 终止。
Security,SEC 9 How do you protect your data in transit?,P1 Enforce encryption in transit according to the organization encryption requirement,Classic Load Balancers with SSL/HTTPS listeners should use a certificate provided by AWS Certificate Manager Hs4Ma3G181,,具有 SSL/HTTPS 侦听器的 Classic Load Balancer 应使用 AWS 证书管理器 Hs4Ma3G181 提供的证书,pillar_1_q09,pillar_1_q09choice2,经典负载均衡器使用 SSL/HTTPS 侦听器应使用 AWS Certificate Manager 提供的证书。
Security,SEC 9 How do you protect your data in transit?,P1 Enforce encryption in transit according to the organization encryption requirement,S3 buckets should require requests to use Secure Socket Layer Hs4Ma3G168,,S3 存储桶应要求请求使用安全套接字层 Hs4Ma3G168,pillar_1_q09,pillar_1_q09choice2,S3 存储桶应该要求使用安全套接层(SSL)进行请求。Hs4Ma3G168
Security,SEC 9 How do you protect your data in transit?,P1 Enforce encryption in transit according to the organization encryption requirement,Elasticsearch domains should encrypt data sent between nodes Hs4Ma3G150,,Elasticsearch 域应该加密节点之间发送的数据 Hs4Ma3G150,pillar_1_q09,pillar_1_q09choice2,加密节点之间发送的数据
Security,SEC 9 How do you protect your data in transit?,P1 Enforce encryption in transit according to the organization encryption requirement,CloudFront distributions should require encryption in transit Hs4Ma3G107,,CloudFront 分发应要求传输加密 Hs4Ma3G107,pillar_1_q09,pillar_1_q09choice2,云前端分发应该要求在传输过程中进行加密。
Security,SEC 9 How do you protect your data in transit?,P1 Enforce encryption in transit according to the organization encryption requirement,Connections to Amazon Redshift clusters should be encrypted in transit Hs4Ma3G102,,与 Amazon Redshift 集群的连接应在传输过程中加密 Hs4Ma3G102,pillar_1_q09,pillar_1_q09choice2,连接到 Amazon Redshift 集群应该在传输过程中加密。
Security,SEC 9 How do you protect your data in transit?,P1 Enforce encryption in transit according to the organization encryption requirement,ELB Listener Security a2sEc6ILx,,ELB 侦听器安全 a2sEc6ILx,pillar_1_q09,pillar_1_q09choice2,安全的 ELB 监听器 a2sEc6ILx
Performance,PERF 2 How do you select and use compute resources in your workload?,P1 Configure and right-size compute resources,Large Number of EC2 Security Group Rules Applied to an Instance,,大量 EC2 安全组规则应用于实例,pillar_2_q02,pillar_2_q02choice3,大量的 EC2 安全组规则应用于一个实例
Performance,"PERF 3 How do you store, manage, and access data in your workload?",P1 Evaluate available configuration options for data store,Overutilized Amazon EBS Magnetic Volumes,,过度利用 Amazon EBS 磁性卷,pillar_2_q03,pillar_2_q03choice2,亚马逊 EBS 磁性卷过度利用
Performance,"PERF 3 How do you store, manage, and access data in your workload?",P1 Evaluate available configuration options for data store,Amazon EBS Provisioned IOPS (SSD) Volume Attachment Configuration,,Amazon EBS 预配置 IOPS (SSD) 卷附件配置,pillar_2_q03,pillar_2_q03choice2,Amazon EBS 预配置 IOPS (SSD) 卷附加配置
Performance,"PERF 3 How do you store, manage, and access data in your workload?",P1 Evaluate available configuration options for data store,Amazon EC2 to EBS Throughput Optimization,,Amazon EC2 到 EBS 吞吐量优化,pillar_2_q03,pillar_2_q03choice2,Amazon EC2 到 EBS 吞吐量优化
Performance,"PERF 3 How do you store, manage, and access data in your workload?",P1 Evaluate available configuration options for data store,Amazon EFS Throughput Mode Optimization,,Amazon EFS 吞吐量模式优化,pillar_2_q03,pillar_2_q03choice2,亚马逊 EFS 吞吐量模式优化
Performance,PERF 4 How do you select and configure networking resources in your workload?,P1 Understand how networking impacts performance,Amazon Route 53 Alias Resource Record Sets,,Amazon Route 53 别名资源记录集,pillar_2_q04,pillar_2_q04choice1,亚马逊 Route 53 别名资源记录集
Reliability,REL 1 How do you manage service quotas and constraints?,P1 Monitor and manage quotas,"Service limits checks flagged as Yellow (80%), Red (100%)",,服务限制检查标记为黄色 (80%)、红色 (100%),pillar_3_q01,pillar_3_q01choice1,服务限制检查标记为黄色(80%)、红色(100%)
Reliability,REL 1 How do you manage service quotas and constraints?,P1 Ensure that a sufficient gap exists between the current quotas and the maximum usage to accommodate failover,"Service limits checks flagged as Yellow (80%), Red (100%)",,服务限制检查标记为黄色 (80%)、红色 (100%),pillar_3_q01,pillar_3_q01choice2,服务限制检查标记为黄色(80%)、红色(100%)
Reliability,REL 2 How do you plan your network topology?,"P0 Provision redundant connectivity between private networks in the cloud ,  on-premises , cloud to cloud environments",VPN Tunnel Redundancy S45wrEXrLz,,VPN 隧道冗余 S45wrEXrLz,pillar_3_q03,pillar_3_q03choice1,虚拟专用网隧道冗余 S45wrEXrLz
Reliability,REL 2 How do you plan your network topology?,"P0 Provision redundant connectivity between private networks in the cloud ,  on-premises , cloud to cloud environments",AWS Direct Connect Location Redundancy 8M012Ph3U5,,AWS Direct Connect 位置冗余 8M012Ph3U5,pillar_3_q03,pillar_3_q03choice1,亚马逊云服务直连位置冗余 8M012Ph3U5
Reliability,REL 2 How do you plan your network topology?,"P0 Provision redundant connectivity between private networks in the cloud ,  on-premises , cloud to cloud environments",AWS Direct Connect Virtual Interface Redundancy 4g3Nt5M1Th,,AWS Direct Connect 虚拟接口冗余 4g3Nt5M1Th,pillar_3_q03,pillar_3_q03choice1,亚马逊 AWS Direct Connect 虚拟接口冗余
Reliability,REL 2 How do you plan your network topology?,"P0 Provision redundant connectivity between private networks in the cloud ,  on-premises , cloud to cloud environments",AWS Direct Connect Connection Redundancy 0t121N1Ty3,,AWS Direct Connect 连接冗余 0t121N1Ty3,pillar_3_q03,pillar_3_q03choice1,亚马逊 AWS Direct Connect 连接冗余
Reliability,REL 7 How do you design your workload to adapt to changes in demand?,P1 Use automation when obtaining or scaling resources,Auto Scaling Group Resources 8CNsSllI5v,,Auto Scaling 组资源 8CNsSllI5v,pillar_3_q08,pillar_3_q08choice1,自动扩展组资源
Reliability,REL 7 How do you design your workload to adapt to changes in demand?,P1 Obtain resources upon detection of impairment to a workload,Auto Scaling Group Health Check CLOG40CDO8,,Auto Scaling 组健康检查 CLOG40CDO8,pillar_3_q08,pillar_3_q08choice2,自动扩展组健康检查 CLOG40CDO8
Reliability,REL 9 How do you back up data?,P0 Perform data backup automatically,Amazon RDS Backups opQPADkZvH,,Amazon RDS 备份 opQPADkZvH,pillar_3_q10,pillar_3_q10choice3,亚马逊 RDS 备份 opQPADkZvH
Reliability,REL 9 How do you back up data?,P0 Perform data backup automatically,Amazon EBS Snapshots H7IgTzjT,,Amazon EBS 快照 H7IgTzjT,pillar_3_q10,pillar_3_q10choice3,亚马逊 EBS 快照 H7IgTzjT
Reliability,REL 9 How do you back up data?,P0 Perform data backup automatically,#NAME?,,建议但不强制,pillar_3_q10,pillar_3_q10choice3,无法翻译
Reliability,REL 9 How do you back up data?,P0 Perform data backup automatically,Amazon S3 Bucket Versioning R365s2Qddf,,Amazon S3 存储桶版本控制 R365s2Qddf,pillar_3_q10,pillar_3_q10choice3,亚马逊 S3 存储桶版本控制 R365s2Qddf
Reliability,REL 9 How do you back up data?,P1 Perform periodic recovery of the data to verify backup integrity and processes,Amazon RDS Backups,,Amazon RDS 备份,pillar_3_q10,pillar_3_q10choice4,Amazon RDS 备份
Reliability,REL 10 How do you use fault isolation to protect your workload?,P1 Deploy the workload to multiple locations,ELB Cross-Zone Load Balancing xdeXZKIUy,,ELB 跨区域负载均衡 xdeXZKIUy,pillar_3_q11,pillar_3_q11choice1,跨区域负载均衡
Reliability,REL 10 How do you use fault isolation to protect your workload?,P1 Deploy the workload to multiple locations,Amazon EC2 Availability Zone Balance wuy7G1zxql,,Amazon EC2 可用区余额 wuy7G1zxql,pillar_3_q11,pillar_3_q11choice1,亚马逊 EC2 可用区平衡 wuy7G1zxql
Reliability,REL 10 How do you use fault isolation to protect your workload?,P1 Deploy the workload to multiple locations,Amazon RDS Multi-AZ f2iK5R6Dep VPN Tunnel Redundancy S45wrEXrLz,,Amazon RDS 多可用区 f2iK5R6Dep VPN 隧道冗余 S45wrEXrLz,pillar_3_q11,pillar_3_q11choice1,亚马逊 RDS 多可用区 f2iK5R6Dep VPN 隧道冗余 S45wrEXrLz
Reliability,REL 10 How do you use fault isolation to protect your workload?,P1 Deploy the workload to multiple locations,AWS Lambda VPC-enabled Functions without Multi-AZ Redundancy L4dfs2Q4C6,,不带多可用区冗余的 AWS Lambda VPC 函数 L4dfs2Q4C6,pillar_3_q11,pillar_3_q11choice1,无多可用区冗余的 AWS Lambda VPC 启用函数
Reliability,REL 11 How do you design your workload to withstand component failures?,P1 Monitor all components of the workload to detect failures,Amazon Route 53 Deleted Health Checks,,Amazon Route 53 已删除健康检查,pillar_3_q12,pillar_3_q12choice1,亚马逊 Route 53 已删除的健康检查
Reliability,REL 11 How do you design your workload to withstand component failures?,P1 Monitor all components of the workload to detect failures,Amazon S3 Bucket Logging,,Amazon S3 存储桶日志记录,pillar_3_q12,pillar_3_q12choice1,亚马逊 S3 存储桶日志记录
Reliability,REL 11 How do you design your workload to withstand component failures?,P2 Fail over to healthy resources,Amazon Route 53 Failover Resource Record Sets b73EEdD790,,Amazon Route 53 故障转移资源记录集 b73EEdD790,pillar_3_q12,pillar_3_q12choice2,亚马逊 Route 53 故障转移资源记录集 b73EEdD790
Reliability,REL 11 How do you design your workload to withstand component failures?,P2 Fail over to healthy resources,Amazon Comprehend Endpoint Access Risk Cm24dfsM13,,Amazon Comprehend 终端访问风险 Cm24dfsM13,pillar_3_q12,pillar_3_q12choice2,亚马逊理解端点访问风险Cm24dfsM13
Reliability,REL 11 How do you design your workload to withstand component failures?,P2 Fail over to healthy resources,Amazon Route 53 High TTL Resource Record Sets C056F80cR3,,Amazon Route 53 高 TTL 资源记录集 C056F80cR3,pillar_3_q12,pillar_3_q12choice2,亚马逊 Route 53 高 TTL 资源记录集 C056F80cR3
Reliability,REL 11 How do you design your workload to withstand component failures?,P2 Fail over to healthy resources,Amazon Route 53 Deleted Health Checks Cb877eB72b,,Amazon Route 53 已删除健康检查 Cb877eB72b,pillar_3_q12,pillar_3_q12choice2,亚马逊 Route 53 已删除健康检查 Cb877eB72b
Cost optimization,COST 0 How do you utilize the following optimizatation tactics?,"P2 Adopts different compute purchase option like Reserve Instance, Saving Plan, Spot, if applicable",Savings Plan vZ2c2W1srf,,储蓄计划 vZ2c2W1srf,pillar_4_q01,pillar_4_q01choice3,储蓄计划 vZ2c2W1srf
Cost optimization,COST 0 How do you utilize the following optimizatation tactics?,"P2 Adopts different compute purchase option like Reserve Instance, Saving Plan, Spot, if applicable",Amazon EC2 Reserved Instances Optimization cX3c2R1chu,,Amazon EC2 预留实例优化 cX3c2R1chu,pillar_4_q01,pillar_4_q01choice3,亚马逊 EC2 预留实例优化
Cost optimization,COST 0 How do you utilize the following optimizatation tactics?,P2 Adopts different managed service purchase option like Reserve Instance if applicable,Amazon ElastiCache Reserved Node Optimization h3L1otH3re,,Amazon ElastiCache 预留节点优化 h3L1otH3re,pillar_4_q01,pillar_4_q01choice4,亚马逊 ElastiCache 预留节点优化
Cost optimization,COST 0 How do you utilize the following optimizatation tactics?,P2 Adopts different managed service purchase option like Reserve Instance if applicable,Amazon OpenSearch Service Reserved Instance Optimization 7ujm6yhn5t,,Amazon OpenSearch 服务预留实例优化 7ujm6yhn5t,pillar_4_q01,pillar_4_q01choice4,亚马逊 OpenSearch 服务预留实例优化
Cost optimization,COST 0 How do you utilize the following optimizatation tactics?,P2 Adopts different managed service purchase option like Reserve Instance if applicable,Amazon Redshift Reserved Node Optimization 1qw23er45t,,Amazon Redshift 预留节点优化 1qw23er45t,pillar_4_q01,pillar_4_q01choice4,亚马逊 Redshift 预留节点优化 1qw23er45t
Cost optimization,COST 0 How do you utilize the following optimizatation tactics?,P2 Adopts different managed service purchase option like Reserve Instance if applicable,Amazon Relational Database Service (RDS) Reserved Instance Optimization 1qazXsw23e,,Amazon Relational Database Service (RDS) 预留实例优化 1qazXsw23e,pillar_4_q01,pillar_4_q01choice4,亚马逊关系数据库服务(RDS)预留实例优化1qazXsw23e
Cost optimization,COST 4 How do you decommission resources?,P1 Track resources over their life time,Amazon RDS Idle DB Instances Ti39halfu8,,Amazon RDS 空闲数据库实例 Ti39halfu8,pillar_4_q02,pillar_4_q02choice1,亚马逊 RDS 空闲数据库实例 Ti39halfu8
Cost optimization,COST 4 How do you decommission resources?,P1 Track resources over their life time,Low Utilization Amazon EC2 Instances Qch7DwouX1,,利用率低的 Amazon EC2 实例 Qch7DwouX1,pillar_4_q02,pillar_4_q02choice1,亚马逊 EC2 实例利用率低
Cost optimization,COST 4 How do you decommission resources?,P1 Track resources over their life time,Underutilized Amazon EBS Volumes DAvU99Dc4C,,未充分利用的 Amazon EBS 卷 DAvU99Dc4C,pillar_4_q02,pillar_4_q02choice1,亚马逊 EBS 卷未充分利用 DAvU99Dc4C
Cost optimization,COST 4 How do you decommission resources?,P1 Track resources over their life time,Idle Load Balancers hjLMh88uM8,,空闲负载均衡器 hjLMh88uM8,pillar_4_q02,pillar_4_q02choice1,空闲负载均衡器
Cost optimization,COST 4 How do you decommission resources?,P1 Track resources over their life time,Unassociated Elastic IP Addresses Z4AUBRNSmz,,未关联的弹性 IP 地址 Z4AUBRNSmz,pillar_4_q02,pillar_4_q02choice1,未关联的弹性 IP 地址 Z4AUBRNSmz
Cost optimization,COST 4 How do you decommission resources?,P1 Track resources over their life time,Underutilized Amazon Redshift Clusters G31sQ1E9U,,未充分利用的 Amazon Redshift 集群 G31sQ1E9U,pillar_4_q02,pillar_4_q02choice1,亚马逊 Redshift 集群利用不足 G31sQ1E9U
Cost optimization,COST 4 How do you decommission resources?,P1 Track resources over their life time,AWS Lambda Functions with High Error Rates L4dfs2Q3C2,,错误率较高的 AWS Lambda 函数 L4dfs2Q3C2,pillar_4_q02,pillar_4_q02choice1,高错误率的 AWS Lambda 函数
Cost optimization,COST 4 How do you decommission resources?,P1 Track resources over their life time,AWS Lambda Functions with Excessive Timeouts L4dfs2Q3C3,,超时过多的 AWS Lambda 函数 L4dfs2Q3C3,pillar_4_q02,pillar_4_q02choice1,过度超时的 AWS Lambda 函数
Cost optimization,COST 4 How do you decommission resources?,P1 Track resources over their life time,Amazon Comprehend Underutilized Endpoints Cm24dfsM12,,Amazon Comprehend 未充分利用的终端节点 Cm24dfsM12,pillar_4_q02,pillar_4_q02choice1,亚马逊理解未充分利用的端点Cm24dfsM12
Cost optimization,COST 4 How do you decommission resources?,P1 Track resources over their life time,Amazon EC2 instances over-provisioned for Microsoft SQL Server Qsdfp3A4L1,,Amazon EC2 实例为 Microsoft SQL Server 过度配置 Qsdfp3A4L1,pillar_4_q02,pillar_4_q02choice1,亚马逊 EC2 实例过度配置用于 Microsoft SQL Server Qsdfp3A4L1
Cost optimization,COST 4 How do you decommission resources?,P1 Track resources over their life time,Amazon EC2 instances consolidation for Microsoft SQL Server Qsdfp3A4L2,,适用于 Microsoft SQL Server 的 Amazon EC2 实例整合 Qsdfp3A4L2,pillar_4_q02,pillar_4_q02choice1,Amazon EC2实例整合用于Microsoft SQL Server Qsdfp3A4L2
